window,45,this is a window into my soul...for 45 minutes.,2017-02-20
task menu,30,a little of this,2017-04-30
nicolas,40,to be nicolas is to be kinda ok,2017-05-01
tim,45,the whatever is awesome!,2017-05-01
home,20,chillin,2017-05-01
theramin,70,a beautiful instrument that stands the test of time!,2017-05-01
task,30,getting it right,2017-05-01
somebody,30,you better watch it!,2017-05-01
tome,60,a big book,2017-05-01
butter,10,smooth,2017-05-01
good board,50,playtime,2017-05-01
toontime,40,characters,2017-05-01
nicolas,50,doin me,2017-05-01
yolo,50,enumerate,2017-05-01
yesterday,30,a long time ago,2017-05-01
unification,2000,takes a long time,2017-05-01
a word with you,40,this is way too long,2017-05-01
dark knight,2,leverage,2017-05-01
rule the world,400,as long as it takes,2017-05-01
world domination,800,worth it,2017-05-01
too late,8,took you long enough,2017-05-01
